Pokemon,Type 1,Type 2,HP,Defense,Special Attack,Special Defense,Speed,Generation,Attack
Bulbasaur,Grass,Poison,45,49,65,65,45,1,
Ivysaur,Grass,Poison,60,63,80,80,60,1,
Venusaur,Grass,Poison,80,83,100,100,80,1,
Mega Venusaur,Grass,Poison,80,123,122,120,80,1,
Charmander,Fire,,39,43,60,50,65,1,
Charmeleon,Fire,,58,58,80,65,80,1,
Charizard,Fire,Flying,78,78,109,85,100,1,
Mega Charizard X,Fire,Dragon,78,111,130,85,100,1,
Mega Charizard Y,Fire,Flying,78,78,159,115,100,1,
Squirtle,Water,,44,65,50,64,43,1,
Wartortle,Water,,59,80,65,80,58,1,
Blastoise,Water,,79,100,85,105,78,1,
Mega Blastoise,Water,,79,120,135,115,78,1,
Caterpie,Bug,,45,35,20,20,45,1,
Metapod,Bug,,50,55,25,25,30,1,
Butterfree,Bug,Flying,60,50,90,80,70,1,
Weedle,Bug,Poison,40,30,20,20,50,1,
Kakuna,Bug,Poison,45,50,25,25,35,1,
Beedrill,Bug,Poison,65,40,45,80,75,1,
Mega Beedrill,Bug,Poison,65,40,15,80,145,1,
Pidgey,Normal,Flying,40,40,35,35,56,1,
Pidgeotto,Normal,Flying,63,55,50,50,71,1,
Pidgeot,Normal,Flying,83,75,70,70,101,1,
Mega Pidgeot,Normal,Flying,83,80,135,80,121,1,
Rattata,Normal,,30,35,25,35,72,1,
Alolan Rattata,Dark,Normal,30,35,25,35,72,1,
Raticate,Normal,,55,60,50,70,97,1,
Alolan Raticate,Dark,Normal,75,70,40,80,77,1,
Spearow,Normal,Flying,40,30,31,31,70,1,
Fearow,Normal,Flying,65,65,61,61,100,1,
Ekans,Poison,,35,44,40,54,55,1,
Arbok,Poison,,60,69,65,79,80,1,
Pikachu,Electric,,35,40,50,50,90,1,
Partner Pikachu,Electric,,45,50,75,60,120,1,
Raichu,Electric,,60,55,90,80,110,1,
Alolan Raichu,Electric,Psychic,60,50,95,85,110,1,
Sandshrew,Ground,,50,85,20,30,40,1,
Alolan Sandshrew,Ice,Steel,50,90,10,35,40,1,
Sandslash,Ground,,75,110,45,55,65,1,
Alolan Sandslash,Ice,Steel,75,120,25,65,65,1,
NidoranÃ¢ÂÂ,Poison,,55,52,40,40,41,1,
Nidorina,Poison,,70,67,55,55,56,1,
Nidoqueen,Poison,Ground,90,87,75,85,76,1,
NidoranÃ¢ÂÂ,Poison,,46,40,40,40,50,1,
Nidorino,Poison,,61,57,55,55,65,1,
Nidoking,Poison,Ground,81,77,85,75,85,1,
Clefairy,Fairy,,70,48,60,65,35,1,
Clefable,Fairy,,95,73,95,90,60,1,
Vulpix,Fire,,38,40,50,65,65,1,
Alolan Vulpix,Ice,,38,40,50,65,65,1,
Ninetales,Fire,,73,75,81,100,100,1,
Alolan Ninetales,Ice,Fairy,73,75,81,100,109,1,
Jigglypuff,Normal,Fairy,115,20,45,25,20,1,
Wigglytuff,Normal,Fairy,140,45,85,50,45,1,
Zubat,Poison,Flying,40,35,30,40,55,1,
Golbat,Poison,Flying,75,70,65,75,90,1,
Oddish,Grass,Poison,45,55,75,65,30,1,
Gloom,Grass,Poison,60,70,85,75,40,1,
Vileplume,Grass,Poison,75,85,110,90,50,1,
Paras,Bug,Grass,35,55,45,55,25,1,
Parasect,Bug,Grass,60,80,60,80,30,1,
Venonat,Bug,Poison,60,50,40,55,45,1,
Venomoth,Bug,Poison,70,60,90,75,90,1,
Diglett,Ground,,10,25,35,45,95,1,
Alolan Diglett,Ground,Steel,10,30,35,45,90,1,
Dugtrio,Ground,,35,50,50,70,120,1,
Alolan Dugtrio,Ground,Steel,35,60,50,70,110,1,
Meowth,Normal,,40,35,40,40,90,1,
Alolan Meowth,Dark,,40,35,50,40,90,1,
Galarian Meowth,Steel,,50,55,40,40,40,1,
Persian,Normal,,65,60,65,65,115,1,
Alolan Persian,Dark,,65,60,75,65,115,1,
Psyduck,Water,,50,48,65,50,55,1,
Golduck,Water,,80,78,95,80,85,1,
Mankey,Fighting,,40,35,35,45,70,1,
Primeape,Fighting,,65,60,60,70,95,1,
Growlithe,Fire,,55,45,70,50,60,1,
Arcanine,Fire,,90,80,100,80,95,1,
Poliwag,Water,,40,40,40,40,90,1,
Poliwhirl,Water,,65,65,50,50,90,1,
Poliwrath,Water,Fighting,90,95,70,90,70,1,
Abra,Psychic,,25,15,105,55,90,1,
Kadabra,Psychic,,40,30,120,70,105,1,
Alakazam,Psychic,,55,45,135,95,120,1,
Mega Alakazam,Psychic,,55,65,175,105,150,1,
Machop,Fighting,,70,50,35,35,35,1,
Machoke,Fighting,,80,70,50,60,45,1,
Machamp,Fighting,,90,80,65,85,55,1,
Bellsprout,Grass,Poison,50,35,70,30,40,1,
Weepinbell,Grass,Poison,65,50,85,45,55,1,
Victreebel,Grass,Poison,80,65,100,70,70,1,
Tentacool,Water,Poison,40,35,50,100,70,1,
Tentacruel,Water,Poison,80,65,80,120,100,1,
Geodude,Rock,Ground,40,100,30,30,20,1,
Alolan Geodude,Rock,Electric,40,100,30,30,20,1,
Graveler,Rock,Ground,55,115,45,45,35,1,
Alolan Graveler,Rock,Electric,55,115,45,45,35,1,
Golem,Rock,Ground,80,130,55,65,45,1,
Alolan Golem,Rock,Electric,80,130,55,65,45,1,
Ponyta,Fire,,50,55,65,65,90,1,
Galarian Ponyta,Psychic,,50,55,65,65,90,1,
Rapidash,Fire,,65,70,80,80,105,1,
Galarian Rapidash,Psychic,Fairy,65,70,80,80,105,1,
Slowpoke,Water,Psychic,90,65,40,40,15,1,
Slowbro,Water,Psychic,95,110,100,80,30,1,
Mega Slowbro,Water,Psychic,95,180,130,80,30,1,
Magnemite,Electric,Steel,25,70,95,55,45,1,
Magneton,Electric,Steel,50,95,120,70,70,1,
Farfetch'd,Normal,Flying,52,55,58,62,60,1,
Galarian Farfetch'd,Fighting,,52,55,58,62,55,1,
Doduo,Normal,Flying,35,45,35,35,75,1,
Dodrio,Normal,Flying,60,70,60,60,110,1,
Seel,Water,,65,55,45,70,45,1,
Dewgong,Water,Ice,90,80,70,95,70,1,
Grimer,Poison,,80,50,40,50,25,1,
Alolan Grimer,Poison,Dark,80,50,40,50,25,1,
Muk,Poison,,105,75,65,100,50,1,
Alolan Muk,Poison,Dark,105,75,65,100,50,1,
Shellder,Water,,30,100,45,25,40,1,
Cloyster,Water,Ice,50,180,85,45,70,1,
Gastly,Ghost,Poison,30,30,100,35,80,1,
Haunter,Ghost,Poison,45,45,115,55,95,1,
Gengar,Ghost,Poison,60,60,130,75,110,1,
Mega Gengar,Ghost,Poison,60,80,170,95,130,1,
Onix,Rock,Ground,35,160,30,45,70,1,
Drowzee,Psychic,,60,45,43,90,42,1,
Hypno,Psychic,,85,70,73,115,67,1,
Krabby,Water,,30,90,25,25,50,1,
Kingler,Water,,55,115,50,50,75,1,
Voltorb,Electric,,40,50,55,55,100,1,
Electrode,Electric,,60,70,80,80,150,1,
Exeggcute,Grass,Psychic,60,80,60,45,40,1,
Exeggutor,Grass,Psychic,95,85,125,75,55,1,
Alolan Exeggutor,Grass,Dragon,95,85,125,75,45,1,
Cubone,Ground,,50,95,40,50,35,1,
Marowak,Ground,,60,110,50,80,45,1,
Alolan Marowak,Fire,Ghost,60,110,50,80,45,1,
Hitmonlee,Fighting,,50,53,35,110,87,1,
Hitmonchan,Fighting,,50,79,35,110,76,1,
Lickitung,Normal,,90,75,60,75,30,1,
Koffing,Poison,,40,95,60,45,35,1,
Weezing,Poison,,65,120,85,70,60,1,
Galarian Weezing,Poison,Fairy,65,120,85,70,60,1,
Rhyhorn,Ground,Rock,80,95,30,30,25,1,
Rhydon,Ground,Rock,105,120,45,45,40,1,
Chansey,Normal,,250,5,35,105,50,1,
Tangela,Grass,,65,115,100,40,60,1,
Kangaskhan,Normal,,105,80,40,80,90,1,
Mega Kangaskhan,Normal,,105,100,60,100,100,1,
Horsea,Water,,30,70,70,25,60,1,
Seadra,Water,,55,95,95,45,85,1,
Goldeen,Water,,45,60,35,50,63,1,
Seaking,Water,,80,65,65,80,68,1,
Staryu,Water,,30,55,70,55,85,1,
Starmie,Water,Psychic,60,85,100,85,115,1,
Mr. Mime,Psychic,Fairy,40,65,100,120,90,1,
Galarian Mr. Mime,Psychic,Ice,50,65,90,90,100,1,
Scyther,Bug,Flying,70,80,55,80,105,1,
Jynx,Ice,Psychic,65,35,115,95,95,1,
Electabuzz,Electric,,65,57,95,85,105,1,
Magmar,Fire,,65,57,100,85,93,1,
Pinsir,Bug,,65,100,55,70,85,1,
Mega Pinsir,Bug,Flying,65,120,65,90,105,1,
Tauros,Normal,,75,95,40,70,110,1,
Magikarp,Water,,20,55,15,20,80,1,
Gyarados,Water,Flying,95,79,60,100,81,1,
Mega Gyarados,Water,Dark,95,109,70,130,81,1,
Lapras,Water,Ice,130,80,85,95,60,1,
Ditto,Normal,,48,48,48,48,48,1,
Eevee,Normal,,55,50,45,65,55,1,
Partner Eevee,Normal,,65,70,65,85,75,1,
Vaporeon,Water,,130,60,110,95,65,1,
Jolteon,Electric,,65,60,110,95,130,1,
Flareon,Fire,,65,60,95,110,65,1,
Porygon,Normal,,65,70,85,75,40,1,
Omanyte,Rock,Water,35,100,90,55,35,1,
Omastar,Rock,Water,70,125,115,70,55,1,
Kabuto,Rock,Water,30,90,55,45,55,1,
Kabutops,Rock,Water,60,105,65,70,80,1,
Aerodactyl,Rock,Flying,80,65,60,75,130,1,
Mega Aerodactyl,Rock,Flying,80,85,70,95,150,1,
Snorlax,Normal,,160,65,65,110,30,1,
Articuno,Ice,Flying,90,100,95,125,85,1,
Zapdos,Electric,Flying,90,85,125,90,100,1,
Moltres,Fire,Flying,90,90,125,85,90,1,
Dratini,Dragon,,41,45,50,50,50,1,
Dragonair,Dragon,,61,65,70,70,70,1,
Dragonite,Dragon,Flying,91,95,100,100,80,1,
Mewtwo,Psychic,,106,90,154,90,130,1,
Mega Mewtwo X,Psychic,Fighting,106,100,154,100,130,1,
Mega Mewtwo Y,Psychic,,106,70,194,120,140,1,
Mew,Psychic,,100,100,100,100,100,1,
Chikorita,Grass,,45,65,49,65,45,2,
Bayleef,Grass,,60,80,63,80,60,2,
Meganium,Grass,,80,100,83,100,80,2,
Cyndaquil,Fire,,39,43,60,50,65,2,
Quilava,Fire,,58,58,80,65,80,2,
Typhlosion,Fire,,78,78,109,85,100,2,
Totodile,Water,,50,64,44,48,43,2,
Croconaw,Water,,65,80,59,63,58,2,
Feraligatr,Water,,85,100,79,83,78,2,
Sentret,Normal,,35,34,35,45,20,2,
Furret,Normal,,85,64,45,55,90,2,
Hoothoot,Normal,Flying,60,30,36,56,50,2,
Noctowl,Normal,Flying,100,50,86,96,70,2,
Ledyba,Bug,Flying,40,30,40,80,55,2,
Ledian,Bug,Flying,55,50,55,110,85,2,
Spinarak,Bug,Poison,40,40,40,40,30,2,
Ariados,Bug,Poison,70,70,60,70,40,2,
Crobat,Poison,Flying,85,80,70,80,130,2,
Chinchou,Water,Electric,75,38,56,56,67,2,
Lanturn,Water,Electric,125,58,76,76,67,2,
Pichu,Electric,,20,15,35,35,60,2,
Cleffa,Fairy,,50,28,45,55,15,2,
Igglybuff,Normal,Fairy,90,15,40,20,15,2,
Togepi,Fairy,,35,65,40,65,20,2,
Togetic,Fairy,Flying,55,85,80,105,40,2,
Natu,Psychic,Flying,40,45,70,45,70,2,
Xatu,Psychic,Flying,65,70,95,70,95,2,
Mareep,Electric,,55,40,65,45,35,2,
Flaaffy,Electric,,70,55,80,60,45,2,
Ampharos,Electric,,90,85,115,90,55,2,
Mega Ampharos,Electric,Dragon,90,105,165,110,45,2,
Bellossom,Grass,,75,95,90,100,50,2,
Marill,Water,Fairy,70,50,20,50,40,2,
Azumarill,Water,Fairy,100,80,60,80,50,2,
Sudowoodo,Rock,,70,115,30,65,30,2,
Politoed,Water,,90,75,90,100,70,2,
Hoppip,Grass,Flying,35,40,35,55,50,2,
Skiploom,Grass,Flying,55,50,45,65,80,2,
Jumpluff,Grass,Flying,75,70,55,95,110,2,
Aipom,Normal,,55,55,40,55,85,2,
Sunkern,Grass,,30,30,30,30,30,2,
Sunflora,Grass,,75,55,105,85,30,2,
Yanma,Bug,Flying,65,45,75,45,95,2,
Wooper,Water,Ground,55,45,25,25,15,2,
Quagsire,Water,Ground,95,85,65,65,35,2,
Espeon,Psychic,,65,60,130,95,110,2,
Umbreon,Dark,,95,110,60,130,65,2,
Murkrow,Dark,Flying,60,42,85,42,91,2,
Slowking,Water,Psychic,95,80,100,110,30,2,
Misdreavus,Ghost,,60,60,85,85,85,2,
Unown,Psychic,,48,48,72,48,48,2,
Wobbuffet,Psychic,,190,58,33,58,33,2,
Girafarig,Normal,Psychic,70,65,90,65,85,2,
Pineco,Bug,,50,90,35,35,15,2,
Forretress,Bug,Steel,75,140,60,60,40,2,
Dunsparce,Normal,,100,70,65,65,45,2,
Gligar,Ground,Flying,65,105,35,65,85,2,
Steelix,Steel,Ground,75,200,55,65,30,2,
Mega Steelix,Steel,Ground,75,230,55,95,30,2,
Snubbull,Fairy,,60,50,40,40,30,2,
Granbull,Fairy,,90,75,60,60,45,2,
Qwilfish,Water,Poison,65,85,55,55,85,2,
Scizor,Bug,Steel,70,100,55,80,65,2,
Mega Scizor,Bug,Steel,70,140,65,100,75,2,
Shuckle,Bug,Rock,20,230,10,230,5,2,
Heracross,Bug,Fighting,80,75,40,95,85,2,
Mega Heracross,Bug,Fighting,80,115,40,105,75,2,
Sneasel,Dark,Ice,55,55,35,75,115,2,
Teddiursa,Normal,,60,50,50,50,40,2,
Ursaring,Normal,,90,75,75,75,55,2,
Slugma,Fire,,40,40,70,40,20,2,
Magcargo,Fire,Rock,60,120,90,80,30,2,
Swinub,Ice,Ground,50,40,30,30,50,2,
Piloswine,Ice,Ground,100,80,60,60,50,2,
Corsola,Water,Rock,65,95,65,95,35,2,
Galarian Corsola,Ghost,,60,100,65,100,30,2,
Remoraid,Water,,35,35,65,35,65,2,
Octillery,Water,,75,75,105,75,45,2,
Delibird,Ice,Flying,45,45,65,45,75,2,
Mantine,Water,Flying,85,70,80,140,70,2,
Skarmory,Steel,Flying,65,140,40,70,70,2,
Houndour,Dark,Fire,45,30,80,50,65,2,
Houndoom,Dark,Fire,75,50,110,80,95,2,
Mega Houndoom,Dark,Fire,75,90,140,90,115,2,
Kingdra,Water,Dragon,75,95,95,95,85,2,
Phanpy,Ground,,90,60,40,40,40,2,
Donphan,Ground,,90,120,60,60,50,2,
Porygon2,Normal,,85,90,105,95,60,2,
Stantler,Normal,,73,62,85,65,85,2,
Smeargle,Normal,,55,35,20,45,75,2,
Tyrogue,Fighting,,35,35,35,35,35,2,
Hitmontop,Fighting,,50,95,35,110,70,2,
Smoochum,Ice,Psychic,45,15,85,65,65,2,
Elekid,Electric,,45,37,65,55,95,2,
Magby,Fire,,45,37,70,55,83,2,
Miltank,Normal,,95,105,40,70,100,2,
Blissey,Normal,,255,10,75,135,55,2,
Raikou,Electric,,90,75,115,100,115,2,
Entei,Fire,,115,85,90,75,100,2,
Suicune,Water,,100,115,90,115,85,2,
Larvitar,Rock,Ground,50,50,45,50,41,2,
Pupitar,Rock,Ground,70,70,65,70,51,2,
Tyranitar,Rock,Dark,100,110,95,100,61,2,
Mega Tyranitar,Rock,Dark,100,150,95,120,71,2,
Lugia,Psychic,Flying,106,130,90,154,110,2,
Ho-oh,Fire,Flying,106,90,110,154,90,2,
Celebi,Psychic,Grass,100,100,100,100,100,2,
Treecko,Grass,,40,35,65,55,70,3,
Grovyle,Grass,,50,45,85,65,95,3,
Sceptile,Grass,,70,65,105,85,120,3,
Mega Sceptile,Grass,Dragon,70,75,145,85,145,3,
Torchic,Fire,,45,40,70,50,45,3,
Combusken,Fire,Fighting,60,60,85,60,55,3,
Blaziken,Fire,Fighting,80,70,110,70,80,3,
Mega Blaziken,Fire,Fighting,80,80,130,80,100,3,
Mudkip,Water,,50,50,50,50,40,3,
Marshtomp,Water,Ground,70,70,60,70,50,3,
Swampert,Water,Ground,100,90,85,90,60,3,
Mega Swampert,Water,Ground,100,110,95,110,70,3,
Poochyena,Dark,,35,35,30,30,35,3,
Mightyena,Dark,,70,70,60,60,70,3,
Zigzagoon,Normal,,38,41,30,41,60,3,
Galarian Zigzagoon,Dark,Normal,38,41,30,41,60,3,
Linoone,Normal,,78,61,50,61,100,3,
Galarian Linoone,Dark,Normal,78,61,50,61,100,3,
Wurmple,Bug,,45,35,20,30,20,3,
Silcoon,Bug,,50,55,25,25,15,3,
Beautifly,Bug,Flying,60,50,100,50,65,3,
Cascoon,Bug,,50,55,25,25,15,3,
Dustox,Bug,Poison,60,70,50,90,65,3,
Lotad,Water,Grass,40,30,40,50,30,3,
Lombre,Water,Grass,60,50,60,70,50,3,
Ludicolo,Water,Grass,80,70,90,100,70,3,
Seedot,Grass,,40,50,30,30,30,3,
Nuzleaf,Grass,Dark,70,40,60,40,60,3,
Shiftry,Grass,Dark,90,60,90,60,80,3,
Taillow,Normal,Flying,40,30,30,30,85,3,
Swellow,Normal,Flying,60,60,75,50,125,3,
Wingull,Water,Flying,40,30,55,30,85,3,
Pelipper,Water,Flying,60,100,95,70,65,3,
Ralts,Psychic,Fairy,28,25,45,35,40,3,
Kirlia,Psychic,Fairy,38,35,65,55,50,3,
Gardevoir,Psychic,Fairy,68,65,125,115,80,3,
Mega Gardevoir,Psychic,Fairy,68,65,165,135,100,3,
Surskit,Bug,Water,40,32,50,52,65,3,
Masquerain,Bug,Flying,70,62,100,82,80,3,
Shroomish,Grass,,60,60,40,60,35,3,
Breloom,Grass,Fighting,60,80,60,60,70,3,
Slakoth,Normal,,60,60,35,35,30,3,
Vigoroth,Normal,,80,80,55,55,90,3,
Slaking,Normal,,150,100,95,65,100,3,
Nincada,Bug,Ground,31,90,30,30,40,3,
Ninjask,Bug,Flying,61,45,50,50,160,3,
Shedinja,Bug,Ghost,1,45,30,30,40,3,
Whismur,Normal,,64,23,51,23,28,3,
Loudred,Normal,,84,43,71,43,48,3,
Exploud,Normal,,104,63,91,73,68,3,
Makuhita,Fighting,,72,30,20,30,25,3,
Hariyama,Fighting,,144,60,40,60,50,3,
Azurill,Normal,Fairy,50,40,20,40,20,3,
Nosepass,Rock,,30,135,45,90,30,3,
Skitty,Normal,,50,45,35,35,50,3,
Delcatty,Normal,,70,65,55,55,90,3,
Sableye,Dark,Ghost,50,75,65,65,50,3,
Mega Sableye,Dark,Ghost,50,125,85,115,20,3,
Mawile,Steel,Fairy,50,85,55,55,50,3,
Mega Mawile,Steel,Fairy,50,125,55,95,50,3,
Aron,Steel,Rock,50,100,40,40,30,3,
Lairon,Steel,Rock,60,140,50,50,40,3,
Aggron,Steel,Rock,70,180,60,60,50,3,
Mega Aggron,Steel,,70,230,60,80,50,3,
Meditite,Fighting,Psychic,30,55,40,55,60,3,
Medicham,Fighting,Psychic,60,75,60,75,80,3,
Mega Medicham,Fighting,Psychic,60,85,80,85,100,3,
Electrike,Electric,,40,40,65,40,65,3,
Manectric,Electric,,70,60,105,60,105,3,
Mega Manectric,Electric,,70,80,135,80,135,3,
Plusle,Electric,,60,40,85,75,95,3,
Minun,Electric,,60,50,75,85,95,3,
Volbeat,Bug,,65,75,47,85,85,3,
Illumise,Bug,,65,75,73,85,85,3,
Roselia,Grass,Poison,50,45,100,80,65,3,
Gulpin,Poison,,70,53,43,53,40,3,
Swalot,Poison,,100,83,73,83,55,3,
Carvanha,Water,Dark,45,20,65,20,65,3,
Sharpedo,Water,Dark,70,40,95,40,95,3,
Mega Sharpedo,Water,Dark,70,70,110,65,105,3,
Wailmer,Water,,130,35,70,35,60,3,
Wailord,Water,,170,45,90,45,60,3,
Numel,Fire,Ground,60,40,65,45,35,3,
Camerupt,Fire,Ground,70,70,105,75,40,3,
Mega Camerupt,Fire,Ground,70,100,145,105,20,3,
Torkoal,Fire,,70,140,85,70,20,3,
Spoink,Psychic,,60,35,70,80,60,3,
Grumpig,Psychic,,80,65,90,110,80,3,
Spinda,Normal,,60,60,60,60,60,3,
Trapinch,Ground,,45,45,45,45,10,3,
Vibrava,Ground,Dragon,50,50,50,50,70,3,
Flygon,Ground,Dragon,80,80,80,80,100,3,
Cacnea,Grass,,50,40,85,40,35,3,
Cacturne,Grass,Dark,70,60,115,60,55,3,
Swablu,Normal,Flying,45,60,40,75,50,3,
Altaria,Dragon,Flying,75,90,70,105,80,3,
Mega Altaria,Dragon,Fairy,75,110,110,105,80,3,
Zangoose,Normal,,73,60,60,60,90,3,
Seviper,Poison,,73,60,100,60,65,3,
Lunatone,Rock,Psychic,90,65,95,85,70,3,
Solrock,Rock,Psychic,90,85,55,65,70,3,
Barboach,Water,Ground,50,43,46,41,60,3,
Whiscash,Water,Ground,110,73,76,71,60,3,
Corphish,Water,,43,65,50,35,35,3,
Crawdaunt,Water,Dark,63,85,90,55,55,3,
Baltoy,Ground,Psychic,40,55,40,70,55,3,
Claydol,Ground,Psychic,60,105,70,120,75,3,
Lileep,Rock,Grass,66,77,61,87,23,3,
Cradily,Rock,Grass,86,97,81,107,43,3,
Anorith,Rock,Bug,45,50,40,50,75,3,
Armaldo,Rock,Bug,75,100,70,80,45,3,
Feebas,Water,,20,20,10,55,80,3,
Milotic,Water,,95,79,100,125,81,3,
Castform,Normal,,70,70,70,70,70,3,
Castform Sunny Form,Fire,,70,70,70,70,70,3,
Castform Rainy Form,Water,,70,70,70,70,70,3,
Castform Snowy Form,Ice,,70,70,70,70,70,3,
Kecleon,Normal,,60,70,60,120,40,3,
Shuppet,Ghost,,44,35,63,33,45,3,
Banette,Ghost,,64,65,83,63,65,3,
Mega Banette,Ghost,,64,75,93,83,75,3,
Duskull,Ghost,,20,90,30,90,25,3,
Dusclops,Ghost,,40,130,60,130,25,3,
Tropius,Grass,Flying,99,83,72,87,51,3,
Chimecho,Psychic,,75,80,95,90,65,3,
Absol,Dark,,65,60,75,60,75,3,
Mega Absol,Dark,,65,60,115,60,115,3,
Wynaut,Psychic,,95,48,23,48,23,3,
Snorunt,Ice,,50,50,50,50,50,3,
Glalie,Ice,,80,80,80,80,80,3,
Mega Glalie,Ice,,80,80,120,80,100,3,
Spheal,Ice,Water,70,50,55,50,25,3,
Sealeo,Ice,Water,90,70,75,70,45,3,
Walrein,Ice,Water,110,90,95,90,65,3,
Clamperl,Water,,35,85,74,55,32,3,
Huntail,Water,,55,105,94,75,52,3,
Gorebyss,Water,,55,105,114,75,52,3,
Relicanth,Water,Rock,100,130,45,65,55,3,
Luvdisc,Water,,43,55,40,65,97,3,
Bagon,Dragon,,45,60,40,30,50,3,
Shelgon,Dragon,,65,100,60,50,50,3,
Salamence,Dragon,Flying,95,80,110,80,100,3,
Mega Salamence,Dragon,Flying,95,130,120,90,120,3,
Beldum,Steel,Psychic,40,80,35,60,30,3,
Metang,Steel,Psychic,60,100,55,80,50,3,
Metagross,Steel,Psychic,80,130,95,90,70,3,
Mega Metagross,Steel,Psychic,80,150,105,110,110,3,
Regirock,Rock,,80,200,50,100,50,3,
Regice,Ice,,80,100,100,200,50,3,
Registeel,Steel,,80,150,75,150,50,3,
Latias,Dragon,Psychic,80,90,110,130,110,3,
Mega Latias,Dragon,Psychic,80,120,140,150,110,3,
Latios,Dragon,Psychic,80,80,130,110,110,3,
Mega Latios,Dragon,Psychic,80,100,160,120,110,3,
Kyogre,Water,,100,90,150,140,90,3,
Primal Kyogre,Water,,100,90,180,160,90,3,
Groudon,Ground,,100,140,100,90,90,3,
Primal Groudon,Ground,Fire,100,160,150,90,90,3,
Rayquaza,Dragon,Flying,105,90,150,90,95,3,
Mega Rayquaza,Dragon,Flying,105,100,180,100,115,3,
Jirachi,Steel,Psychic,100,100,100,100,100,3,
Deoxys Normal Forme,Psychic,,50,50,150,50,150,3,
Deoxys Attack Forme,Psychic,,50,20,180,20,150,3,
Deoxys Defense Forme,Psychic,,50,160,70,160,90,3,
Deoxys Speed Forme,Psychic,,50,90,95,90,180,3,
Turtwig,Grass,,55,64,45,55,31,4,
Grotle,Grass,,75,85,55,65,36,4,
Torterra,Grass,Ground,95,105,75,85,56,4,
Chimchar,Fire,,44,44,58,44,61,4,
Monferno,Fire,Fighting,64,52,78,52,81,4,
Infernape,Fire,Fighting,76,71,104,71,108,4,
Piplup,Water,,53,53,61,56,40,4,
Prinplup,Water,,64,68,81,76,50,4,
Empoleon,Water,Steel,84,88,111,101,60,4,
Starly,Normal,Flying,40,30,30,30,60,4,
Staravia,Normal,Flying,55,50,40,40,80,4,
Staraptor,Normal,Flying,85,70,50,60,100,4,
Bidoof,Normal,,59,40,35,40,31,4,
Bibarel,Normal,Water,79,60,55,60,71,4,
Kricketot,Bug,,37,41,25,41,25,4,
Kricketune,Bug,,77,51,55,51,65,4,
Shinx,Electric,,45,34,40,34,45,4,
Luxio,Electric,,60,49,60,49,60,4,
Luxray,Electric,,80,79,95,79,70,4,
Budew,Grass,Poison,40,35,50,70,55,4,
Roserade,Grass,Poison,60,65,125,105,90,4,
Cranidos,Rock,,67,40,30,30,58,4,
Rampardos,Rock,,97,60,65,50,58,4,
Shieldon,Rock,Steel,30,118,42,88,30,4,
Bastiodon,Rock,Steel,60,168,47,138,30,4,
Burmy,Bug,,40,45,29,45,36,4,
Wormadam Plant Cloak,Bug,Grass,60,85,79,105,36,4,
Wormadam Sandy Cloak,Bug,Ground,60,105,59,85,36,4,
Wormadam Trash Cloak,Bug,Steel,60,95,69,95,36,4,
Mothim,Bug,Flying,70,50,94,50,66,4,
Combee,Bug,Flying,30,42,30,42,70,4,
Vespiquen,Bug,Flying,70,102,80,102,40,4,
Pachirisu,Electric,,60,70,45,90,95,4,
Buizel,Water,,55,35,60,30,85,4,
Floatzel,Water,,85,55,85,50,115,4,
Cherubi,Grass,,45,45,62,53,35,4,
Cherrim,Grass,,70,70,87,78,85,4,
Shellos,Water,,76,48,57,62,34,4,
Gastrodon,Water,Ground,111,68,92,82,39,4,
Ambipom,Normal,,75,66,60,66,115,4,
Drifloon,Ghost,Flying,90,34,60,44,70,4,
Drifblim,Ghost,Flying,150,44,90,54,80,4,
Buneary,Normal,,55,44,44,56,85,4,
Lopunny,Normal,,65,84,54,96,105,4,
Mega Lopunny,Normal,Fighting,65,94,54,96,135,4,
Mismagius,Ghost,,60,60,105,105,105,4,
Honchkrow,Dark,Flying,100,52,105,52,71,4,
Glameow,Normal,,49,42,42,37,85,4,
Purugly,Normal,,71,64,64,59,112,4,
Chingling,Psychic,,45,50,65,50,45,4,
Stunky,Poison,Dark,63,47,41,41,74,4,
Skuntank,Poison,Dark,103,67,71,61,84,4,
Bronzor,Steel,Psychic,57,86,24,86,23,4,
Bronzong,Steel,Psychic,67,116,79,116,33,4,
Bonsly,Rock,,50,95,10,45,10,4,
Mime Jr.,Psychic,Fairy,20,45,70,90,60,4,
Happiny,Normal,,100,5,15,65,30,4,
Chatot,Normal,Flying,76,45,92,42,91,4,
Spiritomb,Ghost,Dark,50,108,92,108,35,4,
Gible,Dragon,Ground,58,45,40,45,42,4,
Gabite,Dragon,Ground,68,65,50,55,82,4,
Garchomp,Dragon,Ground,108,95,80,85,102,4,
Mega Garchomp,Dragon,Ground,108,115,120,95,92,4,
Munchlax,Normal,,135,40,40,85,5,4,
Riolu,Fighting,,40,40,35,40,60,4,
Lucario,Fighting,Steel,70,70,115,70,90,4,
Mega Lucario,Fighting,Steel,70,88,140,70,112,4,
Hippopotas,Ground,,68,78,38,42,32,4,
Hippowdon,Ground,,108,118,68,72,47,4,
Skorupi,Poison,Bug,40,90,30,55,65,4,
Drapion,Poison,Dark,70,110,60,75,95,4,
Croagunk,Poison,Fighting,48,40,61,40,50,4,
Toxicroak,Poison,Fighting,83,65,86,65,85,4,
Carnivine,Grass,,74,72,90,72,46,4,
Finneon,Water,,49,56,49,61,66,4,
Lumineon,Water,,69,76,69,86,91,4,
Mantyke,Water,Flying,45,50,60,120,50,4,
Snover,Grass,Ice,60,50,62,60,40,4,
Abomasnow,Grass,Ice,90,75,92,85,60,4,
Mega Abomasnow,Grass,Ice,90,105,132,105,30,4,
Weavile,Dark,Ice,70,65,45,85,125,4,
Magnezone,Electric,Steel,70,115,130,90,60,4,
Lickilicky,Normal,,110,95,80,95,50,4,
Rhyperior,Ground,Rock,115,130,55,55,40,4,
Tangrowth,Grass,,100,125,110,50,50,4,
Electivire,Electric,,75,67,95,85,95,4,
Magmortar,Fire,,75,67,125,95,83,4,
Togekiss,Fairy,Flying,85,95,120,115,80,4,
Yanmega,Bug,Flying,86,86,116,56,95,4,
Leafeon,Grass,,65,130,60,65,95,4,
Glaceon,Ice,,65,110,130,95,65,4,
Gliscor,Ground,Flying,75,125,45,75,95,4,
Mamoswine,Ice,Ground,110,80,70,60,80,4,
Porygon-Z,Normal,,85,70,135,75,90,4,
Gallade,Psychic,Fighting,68,65,65,115,80,4,
Mega Gallade,Psychic,Fighting,68,95,65,115,110,4,
Probopass,Rock,Steel,60,145,75,150,40,4,
Dusknoir,Ghost,,45,135,65,135,45,4,
Froslass,Ice,Ghost,70,70,80,70,110,4,
Rotom,Electric,Ghost,50,77,95,77,91,4,
Heat Rotom,Electric,Fire,50,107,105,107,86,4,
Wash Rotom,Electric,Water,50,107,105,107,86,4,
Frost Rotom,Electric,Ice,50,107,105,107,86,4,
Fan Rotom,Electric,Flying,50,107,105,107,86,4,
Mow Rotom,Electric,Grass,50,107,105,107,86,4,
Uxie,Psychic,,75,130,75,130,95,4,
Mesprit,Psychic,,80,105,105,105,80,4,
Azelf,Psychic,,75,70,125,70,115,4,
Dialga,Steel,Dragon,100,120,150,100,90,4,
Palkia,Water,Dragon,90,100,150,120,100,4,
Heatran,Fire,Steel,91,106,130,106,77,4,
Regigigas,Normal,,110,110,80,110,100,4,
Giratina Altered Forme,Ghost,Dragon,150,120,100,120,90,4,
Giratina Origin Forme,Ghost,Dragon,150,100,120,100,90,4,
Cresselia,Psychic,,120,120,75,130,85,4,
Phione,Water,,80,80,80,80,80,4,
Manaphy,Water,,100,100,100,100,100,4,
Darkrai,Dark,,70,90,135,90,125,4,
Shaymin Land Forme,Grass,,100,100,100,100,100,4,
Shaymin Sky Forme,Grass,Flying,100,75,120,75,127,4,
Arceus,Normal,,120,120,120,120,120,4,
Victini,Psychic,Fire,100,100,100,100,100,5,
Snivy,Grass,,45,55,45,55,63,5,
Servine,Grass,,60,75,60,75,83,5,
Serperior,Grass,,75,95,75,95,113,5,
Tepig,Fire,,65,45,45,45,45,5,
Pignite,Fire,Fighting,90,55,70,55,55,5,
Emboar,Fire,Fighting,110,65,100,65,65,5,
Oshawott,Water,,55,45,63,45,45,5,
Dewott,Water,,75,60,83,60,60,5,
Samurott,Water,,95,85,108,70,70,5,
Patrat,Normal,,45,39,35,39,42,5,
Watchog,Normal,,60,69,60,69,77,5,
Lillipup,Normal,,45,45,25,45,55,5,
Herdier,Normal,,65,65,35,65,60,5,
Stoutland,Normal,,85,90,45,90,80,5,
Purrloin,Dark,,41,37,50,37,66,5,
Liepard,Dark,,64,50,88,50,106,5,
Pansage,Grass,,50,48,53,48,64,5,
Simisage,Grass,,75,63,98,63,101,5,
Pansear,Fire,,50,48,53,48,64,5,
Simisear,Fire,,75,63,98,63,101,5,
Panpour,Water,,50,48,53,48,64,5,
Simipour,Water,,75,63,98,63,101,5,
Munna,Psychic,,76,45,67,55,24,5,
Musharna,Psychic,,116,85,107,95,29,5,
Pidove,Normal,Flying,50,50,36,30,43,5,
Tranquill,Normal,Flying,62,62,50,42,65,5,
Unfezant,Normal,Flying,80,80,65,55,93,5,
Blitzle,Electric,,45,32,50,32,76,5,
Zebstrika,Electric,,75,63,80,63,116,5,
Roggenrola,Rock,,55,85,25,25,15,5,
Boldore,Rock,,70,105,50,40,20,5,
Gigalith,Rock,,85,130,60,80,25,5,
Woobat,Psychic,Flying,65,43,55,43,72,5,
Swoobat,Psychic,Flying,67,55,77,55,114,5,
Drilbur,Ground,,60,40,30,45,68,5,
Excadrill,Ground,Steel,110,60,50,65,88,5,
Audino,Normal,,103,86,60,86,50,5,
Mega Audino,Normal,Fairy,103,126,80,126,50,5,
Timburr,Fighting,,75,55,25,35,35,5,
Gurdurr,Fighting,,85,85,40,50,40,5,
Conkeldurr,Fighting,,105,95,55,65,45,5,
Tympole,Water,,50,40,50,40,64,5,
Palpitoad,Water,Ground,75,55,65,55,69,5,
Seismitoad,Water,Ground,105,75,85,75,74,5,
Throh,Fighting,,120,85,30,85,45,5,
Sawk,Fighting,,75,75,30,75,85,5,
Sewaddle,Bug,Grass,45,70,40,60,42,5,
Swadloon,Bug,Grass,55,90,50,80,42,5,
Leavanny,Bug,Grass,75,80,70,80,92,5,
Venipede,Bug,Poison,30,59,30,39,57,5,
Whirlipede,Bug,Poison,40,99,40,79,47,5,
Scolipede,Bug,Poison,60,89,55,69,112,5,
Cottonee,Grass,Fairy,40,60,37,50,66,5,
Whimsicott,Grass,Fairy,60,85,77,75,116,5,
Petilil,Grass,,45,50,70,50,30,5,
Lilligant,Grass,,70,75,110,75,90,5,
Basculin Red-Striped Form,Water,,70,65,80,55,98,5,
Basculin Blue-Striped Form,Water,,70,65,80,55,98,5,
Sandile,Ground,Dark,50,35,35,35,65,5,
Krokorok,Ground,Dark,60,45,45,45,74,5,
Krookodile,Ground,Dark,95,80,65,70,92,5,
Darumaka,Fire,,70,45,15,45,50,5,
Galarian Darumaka,Ice,,70,45,15,45,50,5,
Darmanitan Standard Mode,Fire,,105,55,30,55,95,5,
Darmanitan Zen Mode,Fire,Psychic,105,105,140,105,55,5,
Darmanitan Galarian Standard Mode,Ice,,105,55,30,55,95,5,
Darmanitan Galarian Zen Mode,Ice,Fire,105,55,30,55,135,5,
Maractus,Grass,,75,67,106,67,60,5,
Dwebble,Bug,Rock,50,85,35,35,55,5,
Crustle,Bug,Rock,70,125,65,75,45,5,
Scraggy,Dark,Fighting,50,70,35,70,48,5,
Scrafty,Dark,Fighting,65,115,45,115,58,5,
Sigilyph,Psychic,Flying,72,80,103,80,97,5,
Yamask,Ghost,,38,85,55,65,30,5,
Galarian Yamask,Ground,Ghost,38,85,30,65,30,5,
Cofagrigus,Ghost,,58,145,95,105,30,5,
Tirtouga,Water,Rock,54,103,53,45,22,5,
Carracosta,Water,Rock,74,133,83,65,32,5,
Archen,Rock,Flying,55,45,74,45,70,5,
Archeops,Rock,Flying,75,65,112,65,110,5,
Trubbish,Poison,,50,62,40,62,65,5,
Garbodor,Poison,,80,82,60,82,75,5,
Zorua,Dark,,40,40,80,40,65,5,
Zoroark,Dark,,60,60,120,60,105,5,
Minccino,Normal,,55,40,40,40,75,5,
Cinccino,Normal,,75,60,65,60,115,5,
Gothita,Psychic,,45,50,55,65,45,5,
Gothorita,Psychic,,60,70,75,85,55,5,
Gothitelle,Psychic,,70,95,95,110,65,5,
Solosis,Psychic,,45,40,105,50,20,5,
Duosion,Psychic,,65,50,125,60,30,5,
Reuniclus,Psychic,,110,75,125,85,30,5,
Ducklett,Water,Flying,62,50,44,50,55,5,
Swanna,Water,Flying,75,63,87,63,98,5,
Vanillite,Ice,,36,50,65,60,44,5,
Vanillish,Ice,,51,65,80,75,59,5,
Vanilluxe,Ice,,71,85,110,95,79,5,
Deerling,Normal,Grass,60,50,40,50,75,5,
Sawsbuck,Normal,Grass,80,70,60,70,95,5,
Emolga,Electric,Flying,55,60,75,60,103,5,
Karrablast,Bug,,50,45,40,45,60,5,
Escavalier,Bug,Steel,70,105,60,105,20,5,
Foongus,Grass,Poison,69,45,55,55,15,5,
Amoonguss,Grass,Poison,114,70,85,80,30,5,
Frillish,Water,Ghost,55,50,65,85,40,5,
Jellicent,Water,Ghost,100,70,85,105,60,5,
Alomomola,Water,,165,80,40,45,65,5,
Joltik,Bug,Electric,50,50,57,50,65,5,
Galvantula,Bug,Electric,70,60,97,60,108,5,
Ferroseed,Grass,Steel,44,91,24,86,10,5,
Ferrothorn,Grass,Steel,74,131,54,116,20,5,
Klink,Steel,,40,70,45,60,30,5,
Klang,Steel,,60,95,70,85,50,5,
Klinklang,Steel,,60,115,70,85,90,5,
Tynamo,Electric,,35,40,45,40,60,5,
Eelektrik,Electric,,65,70,75,70,40,5,
Eelektross,Electric,,85,80,105,80,50,5,
Elgyem,Psychic,,55,55,85,55,30,5,
Beheeyem,Psychic,,75,75,125,95,40,5,
Litwick,Ghost,Fire,50,55,65,55,20,5,
Lampent,Ghost,Fire,60,60,95,60,55,5,
Chandelure,Ghost,Fire,60,90,145,90,80,5,
Axew,Dragon,,46,60,30,40,57,5,
Fraxure,Dragon,,66,70,40,50,67,5,
Haxorus,Dragon,,76,90,60,70,97,5,
Cubchoo,Ice,,55,40,60,40,40,5,
Beartic,Ice,,95,80,70,80,50,5,
Cryogonal,Ice,,80,50,95,135,105,5,
Shelmet,Bug,,50,85,40,65,25,5,
Accelgor,Bug,,80,40,100,60,145,5,
Stunfisk,Ground,Electric,109,84,81,99,32,5,
Galarian Stunfisk,Ground,Steel,109,99,66,84,32,5,
Mienfoo,Fighting,,45,50,55,50,65,5,
Mienshao,Fighting,,65,60,95,60,105,5,
Druddigon,Dragon,,77,90,60,90,48,5,
Golett,Ground,Ghost,59,50,35,50,35,5,
Golurk,Ground,Ghost,89,80,55,80,55,5,
Pawniard,Dark,Steel,45,70,40,40,60,5,
Bisharp,Dark,Steel,65,100,60,70,70,5,
Bouffalant,Normal,,95,95,40,95,55,5,
Rufflet,Normal,Flying,70,50,37,50,60,5,
Braviary,Normal,Flying,100,75,57,75,80,5,
Vullaby,Dark,Flying,70,75,45,65,60,5,
Mandibuzz,Dark,Flying,110,105,55,95,80,5,
Heatmor,Fire,,85,66,105,66,65,5,
Durant,Bug,Steel,58,112,48,48,109,5,
Deino,Dark,Dragon,52,50,45,50,38,5,
Zweilous,Dark,Dragon,72,70,65,70,58,5,
Hydreigon,Dark,Dragon,92,90,125,90,98,5,
Larvesta,Bug,Fire,55,55,50,55,60,5,
Volcarona,Bug,Fire,85,65,135,105,100,5,
Cobalion,Steel,Fighting,91,129,90,72,108,5,
Terrakion,Rock,Fighting,91,90,72,90,108,5,
Virizion,Grass,Fighting,91,72,90,129,108,5,
Tornadus Incarnate Forme,Flying,,79,70,125,80,111,5,
Tornadus Therian Forme,Flying,,79,80,110,90,121,5,
Thundurus Incarnate Forme,Electric,Flying,79,70,125,80,111,5,
Thundurus Therian Forme,Electric,Flying,79,70,145,80,101,5,
Reshiram,Dragon,Fire,100,100,150,120,90,5,
Zekrom,Dragon,Electric,100,120,120,100,90,5,
Landorus Incarnate Forme,Ground,Flying,89,90,115,80,101,5,
Landorus Therian Forme,Ground,Flying,89,90,105,80,91,5,
Kyurem,Dragon,Ice,125,90,130,90,95,5,
Black Kyurem,Dragon,Ice,125,100,120,90,95,5,
White Kyurem,Dragon,Ice,125,90,170,100,95,5,
Keldeo Ordinary Forme,Water,Fighting,91,90,129,90,108,5,
Keldeo Resolute Forme,Water,Fighting,91,90,129,90,108,5,
Meloetta Aria Forme,Normal,Psychic,100,77,128,128,90,5,
Meloetta Pirouette Forme,Normal,Fighting,100,90,77,77,128,5,
Genesect,Bug,Steel,71,95,120,95,99,5,
Chespin,Grass,,56,65,48,45,38,6,
Quilladin,Grass,,61,95,56,58,57,6,
Chesnaught,Grass,Fighting,88,122,74,75,64,6,
Fennekin,Fire,,40,40,62,60,60,6,
Braixen,Fire,,59,58,90,70,73,6,
Delphox,Fire,Psychic,75,72,114,100,104,6,
Froakie,Water,,41,40,62,44,71,6,
Frogadier,Water,,54,52,83,56,97,6,
Greninja,Water,Dark,72,67,103,71,122,6,
Ash-Greninja,Water,Dark,72,67,153,71,132,6,
Bunnelby,Normal,,38,38,32,36,57,6,
Diggersby,Normal,Ground,85,77,50,77,78,6,
Fletchling,Normal,Flying,45,43,40,38,62,6,
Fletchinder,Fire,Flying,62,55,56,52,84,6,
Talonflame,Fire,Flying,78,71,74,69,126,6,
Scatterbug,Bug,,38,40,27,25,35,6,
Spewpa,Bug,,45,60,27,30,29,6,
Vivillon,Bug,Flying,80,50,90,50,89,6,
Litleo,Fire,Normal,62,58,73,54,72,6,
Pyroar,Fire,Normal,86,72,109,66,106,6,
FlabÃÂ©bÃÂ©,Fairy,,44,39,61,79,42,6,
Floette,Fairy,,54,47,75,98,52,6,
Florges,Fairy,,78,68,112,154,75,6,
Skiddo,Grass,,66,48,62,57,52,6,
Gogoat,Grass,,123,62,97,81,68,6,
Pancham,Fighting,,67,62,46,48,43,6,
Pangoro,Fighting,Dark,95,78,69,71,58,6,
Furfrou,Normal,,75,60,65,90,102,6,
Espurr,Psychic,,62,54,63,60,68,6,
Meowstic Male,Psychic,,74,76,83,81,104,6,
Meowstic Female,Psychic,,74,76,83,81,104,6,
Honedge,Steel,Ghost,45,100,35,37,28,6,
Doublade,Steel,Ghost,59,150,45,49,35,6,
Aegislash Blade Forme,Steel,Ghost,60,50,150,50,60,6,
Aegislash Shield Forme,Steel,Ghost,60,150,50,150,60,6,
Spritzee,Fairy,,78,60,63,65,23,6,
Aromatisse,Fairy,,101,72,99,89,29,6,
Swirlix,Fairy,,62,66,59,57,49,6,
Slurpuff,Fairy,,82,86,85,75,72,6,
Inkay,Dark,Psychic,53,53,37,46,45,6,
Malamar,Dark,Psychic,86,88,68,75,73,6,
Binacle,Rock,Water,42,67,39,56,50,6,
Barbaracle,Rock,Water,72,115,54,86,68,6,
Skrelp,Poison,Water,50,60,60,60,30,6,
Dragalge,Poison,Dragon,65,90,97,123,44,6,
Clauncher,Water,,50,62,58,63,44,6,
Clawitzer,Water,,71,88,120,89,59,6,
Helioptile,Electric,Normal,44,33,61,43,70,6,
Heliolisk,Electric,Normal,62,52,109,94,109,6,
Tyrunt,Rock,Dragon,58,77,45,45,48,6,
Tyrantrum,Rock,Dragon,82,119,69,59,71,6,
Amaura,Rock,Ice,77,50,67,63,46,6,
Aurorus,Rock,Ice,123,72,99,92,58,6,
Sylveon,Fairy,,95,65,110,130,60,6,
Hawlucha,Fighting,Flying,78,75,74,63,118,6,
Dedenne,Electric,Fairy,67,57,81,67,101,6,
Carbink,Rock,Fairy,50,150,50,150,50,6,
Goomy,Dragon,,45,35,55,75,40,6,
Sliggoo,Dragon,,68,53,83,113,60,6,
Goodra,Dragon,,90,70,110,150,80,6,
Klefki,Steel,Fairy,57,91,80,87,75,6,
Phantump,Ghost,Grass,43,48,50,60,38,6,
Trevenant,Ghost,Grass,85,76,65,82,56,6,
Pumpkaboo Average Size,Ghost,Grass,49,70,44,55,51,6,
Pumpkaboo Small Size,Ghost,Grass,44,70,44,55,56,6,
Pumpkaboo Large Size,Ghost,Grass,54,70,44,55,46,6,
Pumpkaboo Super Size,Ghost,Grass,59,70,44,55,41,6,
Gourgeist Average Size,Ghost,Grass,65,122,58,75,84,6,
Gourgeist Small Size,Ghost,Grass,55,122,58,75,99,6,
Gourgeist Large Size,Ghost,Grass,75,122,58,75,69,6,
Gourgeist Super Size,Ghost,Grass,85,122,58,75,54,6,
Bergmite,Ice,,55,85,32,35,28,6,
Avalugg,Ice,,95,184,44,46,28,6,
Noibat,Flying,Dragon,40,35,45,40,55,6,
Noivern,Flying,Dragon,85,80,97,80,123,6,
Xerneas,Fairy,,126,95,131,98,99,6,
Yveltal,Dark,Flying,126,95,131,98,99,6,
Zygarde 50% Forme,Dragon,Ground,108,121,81,95,95,6,
Zygarde 10% Forme,Dragon,Ground,54,71,61,85,115,6,
Zygarde Complete Forme,Dragon,Ground,216,121,91,95,85,6,
Diancie,Rock,Fairy,50,150,100,150,50,6,
Mega Diancie,Rock,Fairy,50,110,160,110,110,6,
Hoopa Hoopa Confined,Psychic,Ghost,80,60,150,130,70,6,
Hoopa Hoopa Unbound,Psychic,Dark,80,60,170,130,80,6,
Volcanion,Fire,Water,80,120,130,90,70,6,
Rowlet,Grass,Flying,68,55,50,50,42,7,
Dartrix,Grass,Flying,78,75,70,70,52,7,
Decidueye,Grass,Ghost,78,75,100,100,70,7,
Litten,Fire,,45,40,60,40,70,7,
Torracat,Fire,,65,50,80,50,90,7,
Incineroar,Fire,Dark,95,90,80,90,60,7,
Popplio,Water,,50,54,66,56,40,7,
Brionne,Water,,60,69,91,81,50,7,
Primarina,Water,Fairy,80,74,126,116,60,7,
Pikipek,Normal,Flying,35,30,30,30,65,7,
Trumbeak,Normal,Flying,55,50,40,50,75,7,
Toucannon,Normal,Flying,80,75,75,75,60,7,
Yungoos,Normal,,48,30,30,30,45,7,
Gumshoos,Normal,,88,60,55,60,45,7,
Grubbin,Bug,,47,45,55,45,46,7,
Charjabug,Bug,Electric,57,95,55,75,36,7,
Vikavolt,Bug,Electric,77,90,145,75,43,7,
Crabrawler,Fighting,,47,57,42,47,63,7,
Crabominable,Fighting,Ice,97,77,62,67,43,7,
Oricorio Baile Style,Fire,Flying,75,70,98,70,93,7,
Oricorio Pom-Pom Style,Electric,Flying,75,70,98,70,93,7,
Oricorio Pa'u Style,Psychic,Flying,75,70,98,70,93,7,
Oricorio Sensu Style,Ghost,Flying,75,70,98,70,93,7,
Cutiefly,Bug,Fairy,40,40,55,40,84,7,
Ribombee,Bug,Fairy,60,60,95,70,124,7,
Rockruff,Rock,,45,40,30,40,60,7,
Own Tempo Rockruff,Rock,,45,40,30,40,60,7,
Lycanroc Midday Form,Rock,,75,65,55,65,112,7,
Lycanroc Midnight Form,Rock,,85,75,55,75,82,7,
Lycanroc Dusk Form,Rock,,75,65,55,65,110,7,
Wishiwashi Solo Form,Water,,45,20,25,25,40,7,
Wishiwashi School Form,Water,,45,130,140,135,30,7,
Mareanie,Poison,Water,50,62,43,52,45,7,
Toxapex,Poison,Water,50,152,53,142,35,7,
Mudbray,Ground,,70,70,45,55,45,7,
Mudsdale,Ground,,100,100,55,85,35,7,
Dewpider,Water,Bug,38,52,40,72,27,7,
Araquanid,Water,Bug,68,92,50,132,42,7,
Fomantis,Grass,,40,35,50,35,35,7,
Lurantis,Grass,,70,90,80,90,45,7,
Morelull,Grass,Fairy,40,55,65,75,15,7,
Shiinotic,Grass,Fairy,60,80,90,100,30,7,
Salandit,Poison,Fire,48,40,71,40,77,7,
Salazzle,Poison,Fire,68,60,111,60,117,7,
Stufful,Normal,Fighting,70,50,45,50,50,7,
Bewear,Normal,Fighting,120,80,55,60,60,7,
Bounsweet,Grass,,42,38,30,38,32,7,
Steenee,Grass,,52,48,40,48,62,7,
Tsareena,Grass,,72,98,50,98,72,7,
Comfey,Fairy,,51,90,82,110,100,7,
Oranguru,Normal,Psychic,90,80,90,110,60,7,
Passimian,Fighting,,100,90,40,60,80,7,
Wimpod,Bug,Water,25,40,20,30,80,7,
Golisopod,Bug,Water,75,140,60,90,40,7,
Sandygast,Ghost,Ground,55,80,70,45,15,7,
Palossand,Ghost,Ground,85,110,100,75,35,7,
Pyukumuku,Water,,55,130,30,130,5,7,
Type: Null,Normal,,95,95,95,95,59,7,
Silvally,Normal,,95,95,95,95,95,7,
Minior Meteor Form,Rock,Flying,60,100,60,100,60,7,
Minior Core Form,Rock,Flying,60,60,100,60,120,7,
Komala,Normal,,65,65,75,95,65,7,
Turtonator,Fire,Dragon,60,135,91,85,36,7,
Togedemaru,Electric,Steel,65,63,40,73,96,7,
Mimikyu,Ghost,Fairy,55,80,50,105,96,7,
Bruxish,Water,Psychic,68,70,70,70,92,7,
Drampa,Normal,Dragon,78,85,135,91,36,7,
Dhelmise,Ghost,Grass,70,100,86,90,40,7,
Jangmo-o,Dragon,,45,65,45,45,45,7,
Hakamo-o,Dragon,Fighting,55,90,65,70,65,7,
Kommo-o,Dragon,Fighting,75,125,100,105,85,7,
Tapu Koko,Electric,Fairy,70,85,95,75,130,7,
Tapu Lele,Psychic,Fairy,70,75,130,115,95,7,
Tapu Bulu,Grass,Fairy,70,115,85,95,75,7,
Tapu Fini,Water,Fairy,70,115,95,130,85,7,
Cosmog,Psychic,,43,31,29,31,37,7,
Cosmoem,Psychic,,43,131,29,131,37,7,
Solgaleo,Psychic,Steel,137,107,113,89,97,7,
Lunala,Psychic,Ghost,137,89,137,107,97,7,
Nihilego,Rock,Poison,109,47,127,131,103,7,
Buzzwole,Bug,Fighting,107,139,53,53,79,7,
Pheromosa,Bug,Fighting,71,37,137,37,151,7,
Xurkitree,Electric,,83,71,173,71,83,7,
Celesteela,Steel,Flying,97,103,107,101,61,7,
Kartana,Grass,Steel,59,131,59,31,109,7,
Guzzlord,Dark,Dragon,223,53,97,53,43,7,
Necrozma,Psychic,,97,101,127,89,79,7,
Dusk Mane Necrozma,Psychic,Steel,97,127,113,109,77,7,
Dawn Wings Necrozma,Psychic,Ghost,97,109,157,127,77,7,
Ultra Necrozma,Psychic,Dragon,97,97,167,97,129,7,
Magearna,Steel,Fairy,80,115,130,115,65,7,
Marshadow,Fighting,Ghost,90,80,90,90,125,7,
Poipole,Poison,,67,67,73,67,73,7,
Naganadel,Poison,Dragon,73,73,127,73,121,7,
Stakataka,Rock,Steel,61,211,53,101,13,7,
Blacephalon,Fire,Ghost,53,53,151,79,107,7,
Zeraora,Electric,,88,75,102,80,143,7,
Meltan,Steel,,46,65,55,35,34,7,
Melmetal,Steel,,135,143,80,65,34,7,
Grookey,Grass,,50,50,40,40,65,8,
Thwackey,Grass,,70,70,55,60,80,8,
Rillaboom,Grass,,100,90,60,70,85,8,
Scorbunny,Fire,,50,40,40,40,69,8,
Raboot,Fire,,65,60,55,60,94,8,
Cinderace,Fire,,80,75,65,75,119,8,
Sobble,Water,,50,40,70,40,70,8,
Drizzile,Water,,65,55,95,55,90,8,
Inteleon,Water,,70,65,125,65,120,8,
Skwovet,Normal,,70,55,35,35,25,8,
Greedent,Normal,,120,95,55,75,20,8,
Rookidee,Flying,,38,35,33,35,57,8,
Corvisquire,Flying,,68,55,43,55,77,8,
Corviknight,Flying,Steel,98,105,53,85,67,8,
Blipbug,Bug,,25,20,25,45,45,8,
Dottler,Bug,Psychic,50,80,50,90,30,8,
Orbeetle,Bug,Psychic,60,110,80,120,90,8,
Nickit,Dark,,40,28,47,52,50,8,
Thievul,Dark,,70,58,87,92,90,8,
Gossifleur,Grass,,40,60,40,60,10,8,
Eldegoss,Grass,,60,90,80,120,60,8,
Wooloo,Normal,,42,55,40,45,48,8,
Dubwool,Normal,,72,100,60,90,88,8,
Chewtle,Water,,50,50,38,38,44,8,
Drednaw,Water,Rock,90,90,48,68,74,8,
Yamper,Electric,,59,50,40,50,26,8,
Boltund,Electric,,69,60,90,60,121,8,
Rolycoly,Rock,,30,50,40,50,30,8,
Carkol,Rock,Fire,80,90,60,70,50,8,
Coalossal,Rock,Fire,110,120,80,90,30,8,
Applin,Grass,Dragon,40,80,40,40,20,8,
Flapple,Grass,Dragon,70,80,95,60,70,8,
Appletun,Grass,Dragon,110,80,100,80,30,8,
Silicobra,Ground,,52,75,35,50,46,8,
Sandaconda,Ground,,72,125,65,70,71,8,
Cramorant,Flying,Water,70,55,85,95,85,8,
Arrokuda,Water,,41,40,40,30,66,8,
Barraskewda,Water,,61,60,60,50,136,8,
Toxel,Electric,Poison,40,35,54,35,40,8,
Toxtricity Low Key Form,Electric,Poison,75,70,114,70,75,8,
Toxtricity Amped Form,Electric,Poison,75,70,114,70,75,8,
Sizzlipede,Fire,Bug,50,45,50,50,45,8,
Centiskorch,Fire,Bug,100,65,90,90,65,8,
Clobbopus,Fighting,,50,60,50,50,32,8,
Grapploct,Fighting,,80,90,70,80,42,8,
Sinistea,Ghost,,40,45,74,54,50,8,
Polteageist,Ghost,,60,65,134,114,70,8,
Hatenna,Psychic,,42,45,56,53,39,8,
Hattrem,Psychic,,57,65,86,73,49,8,
Hatterene,Psychic,Fairy,57,95,136,103,29,8,
Impidimp,Dark,Fairy,45,30,55,40,50,8,
Morgrem,Dark,Fairy,65,45,75,55,70,8,
Grimmsnarl,Dark,Fairy,95,65,95,75,60,8,
Obstagoon,Dark,Normal,93,101,60,81,95,8,
Perrserker,Steel,,70,100,50,60,50,8,
Cursola,Ghost,,60,50,145,130,30,8,
Sirfetch'd,Fighting,,62,95,68,82,65,8,
Mr. Rime,Psychic,Ice,80,75,110,100,70,8,
Runerigus,Ground,Ghost,58,145,50,105,30,8,
Milcery,Fairy,,45,40,50,61,34,8,
Alcremie,Fairy,,65,75,110,121,64,8,
Falinks,Fighting,,65,100,70,60,75,8,
Pincurchin,Electric,,48,95,91,85,15,8,
Snom,Ice,Bug,30,35,45,30,20,8,
Frosmoth,Ice,Bug,70,60,125,90,65,8,
Stonjourner,Rock,,100,135,20,20,70,8,
Eiscue Ice Face,Ice,,75,110,65,90,50,8,
Eiscue Noice Face,Ice,,75,70,65,50,130,8,
Indeedee Male,Psychic,Normal,60,55,105,95,95,8,
Indeedee Female,Psychic,Normal,70,65,95,105,85,8,
Morpeko Full Belly Mode,Electric,Dark,58,58,70,58,97,8,
Morpeko Hangry Mode,Electric,Dark,58,58,70,58,97,8,
Cufant,Steel,,72,49,40,49,40,8,
Copperajah,Steel,,122,69,80,69,30,8,
Dracozolt,Electric,Dragon,90,90,80,70,75,8,
Arctozolt,Electric,Ice,90,90,90,80,55,8,
Dracovish,Water,Dragon,90,100,70,80,75,8,
Arctovish,Water,Ice,90,100,80,90,55,8,
Duraludon,Steel,Dragon,70,115,120,50,85,8,
Dreepy,Dragon,Ghost,28,30,40,30,82,8,
Drakloak,Dragon,Ghost,68,50,60,50,102,8,
Dragapult,Dragon,Ghost,88,75,100,75,142,8,
Zacian Crowned Sword,Fairy,Steel,92,115,80,115,148,8,
Zacian Hero of Many Battles,Fairy,,92,115,80,115,138,8,
Zamazenta Crowned Shield,Fighting,Steel,92,145,80,145,128,8,
Zamazenta Hero of Many Battles,Fighting,,92,115,80,115,138,8,
Eternatus,Poison,Dragon,140,95,145,95,130,8,
Eternatus Eternamax,Poison,Dragon,255,250,125,250,130,8,
Annihilape,fighting,ghost,110,80,50,90,90,9,115.0
Arboliva,grass,normal,78,90,125,109,39,9,69.0
Arctibax,ice,dragon,90,66,45,65,62,9,95.0
Armarouge,fire,psychic,85,100,125,80,75,9,60.0
Baxcalibur,ice,dragon,115,92,75,86,87,9,145.0
Bellibolt,electric,,109,91,103,83,45,9,64.0
Bombirdier,flying,dark,70,85,60,85,82,9,103.0
Brambleghast,grass,ghost,55,70,80,70,90,9,115.0
Bramblin,grass,ghost,40,30,45,35,60,9,65.0
Brute Bonnet,dark,grass,111,99,79,99,55,9,127.0
Capsakid,grass,,50,40,62,40,50,9,62.0
Ceruledge,fire,ghost,75,80,60,100,85,9,125.0
Cetitan,ice,,170,65,45,55,73,9,113.0
Cetoddle,ice,,108,45,30,40,43,9,68.0
Charcadet,fire,,40,40,50,40,35,9,50.0
Chi-Yu,dark,fire,55,80,135,120,100,9,80.0
Chien-Pao,dark,ice,80,80,90,65,135,9,120.0
Clodsire,ground,poison,130,60,45,100,20,9,75.0
Crocalor,fire,,81,78,90,58,49,9,55.0
Cyclizar,dragon,normal,70,65,85,65,121,9,95.0
Dachsbun,fairy,,57,115,50,80,95,9,80.0
Dolliv,normal,grass,52,60,78,78,33,9,53.0
Dondozo,water,,150,115,65,65,35,9,100.0
Dundunsparce,normal,,125,80,85,75,55,9,100.0
Espathra,psychic,,95,60,101,60,105,9,60.0
Farigiraf,normal,psychic,120,70,110,70,60,9,90.0
Fidough,fairy,,37,70,30,55,65,9,55.0
Finizen,water,,70,40,45,40,75,9,45.0
Flamigo,fighting,flying,82,74,75,64,90,9,115.0
Flittle,psychic,,30,30,55,30,75,9,35.0
Floragato,grass,,61,63,60,63,83,9,80.0
Flutter Mane,fairy,ghost,55,55,135,135,135,9,55.0
Frigibax,ice,dragon,65,45,35,45,55,9,75.0
Fuecoco,fire,,67,59,63,40,36,9,45.0
Garganacl,rock,,100,130,45,90,35,9,100.0
Gholdengo,steel,ghost,87,95,133,91,84,9,60.0
Gimmighoul,ghost,,45,70,75,70,10,9,30.0
Glimmet,poison,rock,48,42,105,60,60,9,35.0
Glimmora,rock,poison,83,90,130,81,86,9,55.0
Grafaiai,poison,normal,63,65,80,72,110,9,95.0
Great Tusk,ground,fighting,115,131,53,53,87,9,131.0
Greavard,ghost,,50,60,30,55,34,9,61.0
Houndstone,ghost,,72,100,50,97,68,9,101.0
Iron Bundle,ice,water,56,114,124,60,136,9,80.0
Iron Hands,fighting,electric,154,108,50,68,50,9,140.0
Iron Jugulis,dark,flying,94,86,122,80,108,9,80.0
Iron Moth,poison,fire,80,60,140,110,110,9,70.0
Iron Thorns,electric,rock,100,110,70,84,72,9,134.0
Iron Treads,ground,steel,90,120,72,70,106,9,112.0
Iron Valiant,fighting,fairy,74,90,120,60,116,9,130.0
Kilowattrel,flying,electric,70,60,105,60,125,9,70.0
Kingambit,steel,dark,100,120,60,85,50,9,135.0
Klawf,rock,,70,115,35,55,75,9,100.0
Koraidon,fighting,dragon,100,115,85,100,135,9,135.0
Lechonk,normal,,54,40,35,45,35,9,45.0
Lokix,dark,bug,71,78,52,55,92,9,102.0
Mabosstiff,dark,,80,90,60,70,85,9,120.0
Maschiff,dark,,60,60,40,51,51,9,78.0
Maushold,normal,,74,70,65,75,111,9,75.0
Meowscarada,dark,grass,76,70,81,70,123,9,110.0
Miraidon,dragon,electric,100,100,135,115,135,9,85.0
Nacli,rock,,55,75,35,35,25,9,55.0
Naclstack,rock,,60,100,35,65,35,9,60.0
Nymble,bug,,33,40,21,25,45,9,46.0
Oinkologne,normal,,110,75,59,80,65,9,100.0
Orthworm,steel,,70,145,60,55,65,9,85.0
Palafin,water,,100,97,106,87,100,9,160.0
Pawmi,electric,,45,20,40,25,60,9,50.0
Pawmo,fighting,electric,60,40,50,40,85,9,75.0
Pawmot,electric,fighting,70,70,70,60,105,9,115.0
Quaquaval,water,fighting,85,80,85,75,85,9,120.0
Quaxly,water,,55,45,50,45,50,9,65.0
Quaxwell,water,,70,65,65,60,65,9,85.0
Rabsca,bug,psychic,75,85,115,100,45,9,50.0
Rellor,bug,,41,60,31,58,30,9,50.0
Revavroom,poison,steel,80,90,54,67,90,9,119.0
Roaring Moon,dark,dragon,105,71,55,101,119,9,139.0
Sandy Shocks,ground,electric,85,97,121,85,101,9,81.0
Scovillain,grass,fire,65,65,108,65,75,9,108.0
Scream Tail,psychic,fairy,115,99,65,115,111,9,65.0
Shroodle,normal,poison,40,35,40,35,75,9,65.0
Skeledirge,ghost,fire,104,100,110,75,66,9,75.0
Slither Wing,fighting,bug,85,79,85,105,81,9,135.0
Smoliv,normal,grass,41,45,58,51,30,9,35.0
Spidops,bug,,60,92,52,86,35,9,79.0
Sprigatito,grass,,40,54,45,45,65,9,61.0
Squawkabilly,normal,flying,82,51,45,51,92,9,96.0
Tadbulb,electric,,61,41,59,35,45,9,31.0
Tandemaus,normal,,50,45,40,45,75,9,50.0
Tarountula,bug,,35,45,29,40,20,9,41.0
Tatsugiri,dragon,water,68,60,120,95,82,9,50.0
Ting-Lu,dark,ground,155,125,55,80,45,9,110.0
Tinkatink,fairy,steel,50,45,35,64,58,9,45.0
Tinkaton,steel,fairy,85,77,70,105,94,9,75.0
Tinkatuff,steel,fairy,65,55,45,82,78,9,55.0
Toedscool,grass,ground,40,35,50,100,70,9,40.0
Toedscruel,grass,ground,80,65,80,120,100,9,70.0
Varoom,steel,poison,45,63,30,45,47,9,70.0
Veluza,water,psychic,90,73,78,65,70,9,102.0
Wattrel,flying,electric,40,35,55,40,70,9,40.0
Wiglett,water,,10,25,35,25,95,9,55.0
Wo-Chien,dark,grass,85,100,95,135,70,9,85.0
Wugtrio,water,,35,50,50,70,120,9,100.0
